State,Year,Two Wheelers,Three Wheelers,Cars,Buses,Trucks
Andhra Pradesh,2010,171958,20795,151932,4272,6734
Andhra Pradesh,2011,187337,21850,107498,3944,9322
Andhra Pradesh,2012,379365,5769,214027,2933,6311
Andhra Pradesh,2013,153355,44188,234176,3885,7396
Andhra Pradesh,2014,308795,32480,176730,3058,8849
Andhra Pradesh,2015,199503,7747,143855,2306,1189
Andhra Pradesh,2016,179981,24118,87435,1767,2528
Andhra Pradesh,2017,323538,8556,23890,1146,6393
Andhra Pradesh,2018,191699,13792,259931,2561,9433
Andhra Pradesh,2019,224073,16016,88148,1863,7235
Andhra Pradesh,2020,432318,28483,68555,3056,1775
Andhra Pradesh,2021,422654,45994,100077,3652,2585
Andhra Pradesh,2022,250551,28939,228261,3113,4843
Andhra Pradesh,2023,221829,14692,222283,661,5297
Andhra Pradesh,2024,273165,38763,31534,4298,2016
Andhra Pradesh,2025,105591,29276,43247,837,1878
Arunachal Pradesh,2010,59268,26271,294329,879,9684
Arunachal Pradesh,2011,286584,43044,68984,3068,6463
Arunachal Pradesh,2012,183767,10258,184231,4974,6892
Arunachal Pradesh,2013,184633,31854,124488,3599,7278
Arunachal Pradesh,2014,320536,35535,97373,1304,3731
Arunachal Pradesh,2015,323109,29538,221664,3190,4840
Arunachal Pradesh,2016,264020,38270,110982,4988,1206
Arunachal Pradesh,2017,268126,27361,142409,1984,8858
Arunachal Pradesh,2018,295310,46523,205340,4691,7019
Arunachal Pradesh,2019,461357,19820,125878,2178,4242
Arunachal Pradesh,2020,300396,38827,63585,3229,3693
Arunachal Pradesh,2021,407403,8627,45939,2481,6450
Arunachal Pradesh,2022,68047,31105,95766,3802,8392
Arunachal Pradesh,2023,211152,6306,157848,3175,6864
Arunachal Pradesh,2024,452690,45294,41959,4913,4748
Arunachal Pradesh,2025,278576,37562,33545,1163,2998
Assam,2010,385674,33021,81087,1995,4304
Assam,2011,168451,44353,213075,1791,4581
Assam,2012,115318,49417,87172,4196,1698
Assam,2013,338880,33673,132859,1354,9164
Assam,2014,481839,12392,277426,2207,6791
Assam,2015,207381,26919,214806,4010,1202
Assam,2016,159751,17688,188229,2827,9004
Assam,2017,495299,45545,109045,2430,7287
Assam,2018,468400,32848,106202,3897,3511
Assam,2019,65708,31370,153883,1869,2986
Assam,2020,276814,46106,162483,3411,2734
Assam,2021,264835,13680,104896,2459,6759
Assam,2022,269686,40153,293255,2302,9155
Assam,2023,351528,26918,105981,3869,1262
Assam,2024,358987,36065,127512,4143,3049
Assam,2025,212688,43191,137796,4590,8158
Bihar,2010,224088,12400,193714,2755,2154
Bihar,2011,54499,11295,294327,2148,6539
Bihar,2012,234423,7557,233090,2700,3961
Bihar,2013,228047,26357,139121,4277,3869
Bihar,2014,307186,33643,110272,4993,5911
Bihar,2015,185059,27399,148391,1718,5496
Bihar,2016,382415,49064,276687,1454,9050
Bihar,2017,488741,24830,136381,3936,9754
Bihar,2018,388357,10895,170810,725,5893
Bihar,2019,410032,44790,156672,3567,8996
Bihar,2020,255615,42410,125983,516,8339
Bihar,2021,174123,23589,102989,3944,2060
Bihar,2022,461927,8420,151373,4776,1606
Bihar,2023,497456,5190,161564,1480,3975
Bihar,2024,318246,24778,274079,2565,2816
Bihar,2025,213817,28093,56631,4514,2686
Chhattisgarh,2010,347921,21538,30729,1909,1784
Chhattisgarh,2011,208823,45864,125864,4841,8343
Chhattisgarh,2012,417654,10801,170262,1037,6986
Chhattisgarh,2013,494209,34592,292791,1024,7971
Chhattisgarh,2014,298710,29376,278067,2868,7655
Chhattisgarh,2015,287549,9495,107922,1666,6919
Chhattisgarh,2016,192038,38621,138834,4236,4769
Chhattisgarh,2017,230798,27677,75609,2215,5777
Chhattisgarh,2018,439957,34749,133632,3624,6691
Chhattisgarh,2019,53051,26606,107235,1376,8027
Chhattisgarh,2020,475309,9142,231810,4864,5465
Chhattisgarh,2021,329163,23077,242866,619,1830
Chhattisgarh,2022,260706,33251,123481,1869,9932
Chhattisgarh,2023,82217,13308,288093,3338,2150
Chhattisgarh,2024,270552,39699,94740,2164,2081
Chhattisgarh,2025,275913,21896,197247,1059,4672
Goa,2010,226615,8343,49375,1970,1580
Goa,2011,163429,13130,236139,4749,2679
Goa,2012,381186,18284,223861,3244,6188
Goa,2013,225150,18296,71293,3559,7617
Goa,2014,216319,34222,79101,4952,6881
Goa,2015,73049,19069,88385,3751,8390
Goa,2016,246489,28289,291967,3316,5611
Goa,2017,77663,43646,182049,1395,7303
Goa,2018,241962,5851,169143,2431,7833
Goa,2019,61938,40195,24000,3238,6732
Goa,2020,415835,45770,58304,4413,2066
Goa,2021,201836,48404,285517,4469,9945
Goa,2022,150386,32350,113008,4685,9967
Goa,2023,138668,20305,227869,917,9306
Goa,2024,332502,8267,102745,2016,1412
Goa,2025,57543,45355,80692,3308,9867
Gujarat,2010,356569,43756,38888,3467,3786
Gujarat,2011,164352,22506,105999,2071,6073
Gujarat,2012,120640,39911,239798,4632,4440
Gujarat,2013,201222,10644,194358,3414,5968
Gujarat,2014,236141,49912,34397,1095,1728
Gujarat,2015,493733,5698,59954,895,8400
Gujarat,2016,467682,41939,220968,3002,1717
Gujarat,2017,101934,37307,25486,643,5980
Gujarat,2018,176020,42259,240184,3438,6588
Gujarat,2019,287027,6167,283206,2656,8860
Gujarat,2020,202617,26689,293318,3794,5729
Gujarat,2021,59348,28714,58102,1232,5330
Gujarat,2022,139930,11801,123150,1453,3539
Gujarat,2023,253664,16516,21542,1691,7313
Gujarat,2024,243928,32569,239930,3181,2540
Gujarat,2025,138092,31962,48295,1888,2365
Haryana,2010,288067,31256,188152,1824,4141
Haryana,2011,270411,24870,223196,3423,6301
Haryana,2012,76790,30289,244786,4634,5268
Haryana,2013,54748,26233,160507,4209,7619
Haryana,2014,456332,30470,193416,2458,4072
Haryana,2015,89298,47956,81629,1004,2214
Haryana,2016,280907,33016,43960,1323,1928
Haryana,2017,415477,7105,149695,2352,5910
Haryana,2018,178148,25559,212714,3311,6348
Haryana,2019,309747,30826,295987,4012,7190
Haryana,2020,67640,43413,279214,3986,4584
Haryana,2021,160133,45821,219938,3203,9662
Haryana,2022,205576,12114,31023,857,8575
Haryana,2023,116203,34703,29337,4685,4719
Haryana,2024,396809,45251,182993,1039,5964
Haryana,2025,177016,9835,40159,3008,3779
Himachal Pradesh,2010,409151,22308,47532,2081,8714
Himachal Pradesh,2011,168012,10713,76178,755,5804
Himachal Pradesh,2012,100990,15136,149473,509,3871
Himachal Pradesh,2013,370285,28793,246156,1515,3193
Himachal Pradesh,2014,451631,28833,155230,4425,7970
Himachal Pradesh,2015,384618,26168,171456,2133,8266
Himachal Pradesh,2016,320846,5384,20404,2500,6989
Himachal Pradesh,2017,392786,28574,220244,3224,5809
Himachal Pradesh,2018,213273,18456,58765,2548,5780
Himachal Pradesh,2019,460316,26949,221152,2323,4419
Himachal Pradesh,2020,188311,19489,209089,2665,1770
Himachal Pradesh,2021,144074,37049,57131,2484,2077
Himachal Pradesh,2022,386107,46348,145917,2348,7544
Himachal Pradesh,2023,497087,24198,35254,3778,2252
Himachal Pradesh,2024,351908,17173,101317,1829,7241
Himachal Pradesh,2025,254625,11941,45934,2982,2331
Jharkhand,2010,406600,36703,270875,3677,8730
Jharkhand,2011,93088,42660,236464,3332,4579
Jharkhand,2012,367267,41932,243777,4800,7269
Jharkhand,2013,479802,17015,65002,2406,7254
Jharkhand,2014,460360,29214,231791,3945,7031
Jharkhand,2015,74071,47679,192312,3766,2887
Jharkhand,2016,413714,38434,48732,3622,8570
Jharkhand,2017,107108,26508,131195,4400,7677
Jharkhand,2018,391396,44749,150560,1023,3393
Jharkhand,2019,274301,47928,111865,2796,7190
Jharkhand,2020,448456,48221,279127,4702,3878
Jharkhand,2021,430975,9432,115257,2555,2276
Jharkhand,2022,268803,5302,131317,1025,9150
Jharkhand,2023,117661,49247,265121,864,7809
Jharkhand,2024,316765,20034,278930,2146,1918
Jharkhand,2025,396861,43638,138033,2406,4086
Karnataka,2010,96271,13152,161339,1213,2062
Karnataka,2011,297736,34926,265885,4096,7168
Karnataka,2012,158099,12561,102152,2656,7371
Karnataka,2013,76069,19369,32910,4507,7891
Karnataka,2014,122274,20913,211076,3239,6401
Karnataka,2015,98447,39529,95703,2862,1876
Karnataka,2016,162581,8812,209728,1960,2733
Karnataka,2017,51605,10622,92303,3063,7986
Karnataka,2018,311949,15589,164990,4235,9434
Karnataka,2019,281966,9324,291255,505,8489
Karnataka,2020,353571,19043,179818,503,6966
Karnataka,2021,288213,5117,132221,3051,6560
Karnataka,2022,365585,5846,30954,1641,9915
Karnataka,2023,230448,41976,255659,2548,7233
Karnataka,2024,390621,47533,283972,2417,5234
Karnataka,2025,82254,44756,67362,4244,1009
Kerala,2010,132180,27422,25287,4213,2619
Kerala,2011,58512,6342,128872,3332,3824
Kerala,2012,297754,32534,99767,2538,4490
Kerala,2013,92078,45752,103524,4527,1235
Kerala,2014,355073,6908,159639,4030,6256
Kerala,2015,246513,24019,268320,3891,6951
Kerala,2016,137388,13007,277802,1372,7413
Kerala,2017,473739,28325,275266,3398,8546
Kerala,2018,443293,45345,145501,4727,1600
Kerala,2019,64060,22449,210279,1818,7943
Kerala,2020,193026,12804,238134,2690,3712
Kerala,2021,117728,39016,31246,4533,2997
Kerala,2022,439940,41455,112263,4518,2970
Kerala,2023,91157,32202,116646,1702,9135
Kerala,2024,393054,10788,287552,2535,9669
Kerala,2025,452662,5922,118723,2704,2120
Madhya Pradesh,2010,356172,37154,233942,2836,6373
Madhya Pradesh,2011,379923,24029,52265,2365,7028
Madhya Pradesh,2012,204782,34486,91907,3728,4719
Madhya Pradesh,2013,114772,19382,104291,3391,4756
Madhya Pradesh,2014,332753,21478,252050,2455,1793
Madhya Pradesh,2015,436858,39884,91315,4606,7166
Madhya Pradesh,2016,444030,15541,153515,2765,8783
Madhya Pradesh,2017,175885,49241,37368,2139,1827
Madhya Pradesh,2018,339450,24915,190987,4951,4876
Madhya Pradesh,2019,416407,5126,47632,1103,7024
Madhya Pradesh,2020,300869,25530,195399,3868,4797
Madhya Pradesh,2021,228954,18718,54560,3361,6732
Madhya Pradesh,2022,479460,41185,152717,1705,4030
Madhya Pradesh,2023,331400,40840,120158,4521,5662
Madhya Pradesh,2024,482498,7708,162766,1832,9393
Madhya Pradesh,2025,351368,41980,33224,1074,1536
Maharashtra,2010,289690,12973,159649,3781,9666
Maharashtra,2011,369905,41368,157855,1454,5971
Maharashtra,2012,177738,18490,266965,4620,2990
Maharashtra,2013,488981,24956,238967,4880,5757
Maharashtra,2014,69097,15395,167313,3620,1966
Maharashtra,2015,382624,24816,253619,4201,9533
Maharashtra,2016,146731,26566,226524,4922,2759
Maharashtra,2017,307164,46949,153554,1451,9914
Maharashtra,2018,143501,7079,79676,3876,5524
Maharashtra,2019,223532,29861,92847,3995,8186
Maharashtra,2020,199521,38536,84077,3557,7645
Maharashtra,2021,431915,43000,46737,3793,6797
Maharashtra,2022,468738,17342,98623,1981,7305
Maharashtra,2023,233675,21438,125947,2323,4462
Maharashtra,2024,159575,15998,96218,827,8221
Maharashtra,2025,212552,24694,59986,4175,4054
Manipur,2010,377073,12970,54911,1811,3538
Manipur,2011,62175,46124,141300,1322,1943
Manipur,2012,97057,11150,286569,1274,3198
Manipur,2013,234466,25079,187292,1414,2308
Manipur,2014,212491,13705,280910,4094,5841
Manipur,2015,196430,39177,114914,3690,5491
Manipur,2016,428387,19596,152351,4077,2387
Manipur,2017,473191,24063,87642,4723,5831
Manipur,2018,232992,33529,55954,3780,3573
Manipur,2019,85367,41801,257804,1804,8368
Manipur,2020,367173,22685,136739,941,9996
Manipur,2021,394138,36889,208456,2581,8184
Manipur,2022,465396,36896,141829,2122,9041
Manipur,2023,66725,45760,101182,1145,5263
Manipur,2024,277595,13646,244137,2208,3969
Manipur,2025,413476,29027,180445,3181,4629
Meghalaya,2010,440719,25609,121371,1886,3866
Meghalaya,2011,71172,16555,73276,648,4850
Meghalaya,2012,306010,29063,242320,686,2333
Meghalaya,2013,471985,28150,286997,2285,8715
Meghalaya,2014,255550,6762,166922,4420,8101
Meghalaya,2015,205130,43890,86017,653,8617
Meghalaya,2016,182596,39888,297192,2843,6136
Meghalaya,2017,367056,39008,225738,2139,7185
Meghalaya,2018,422760,18350,44354,4726,2252
Meghalaya,2019,136123,46131,226258,4049,5197
Meghalaya,2020,138929,28051,71474,2136,5090
Meghalaya,2021,319104,40772,200553,4140,8982
Meghalaya,2022,201563,6341,195695,715,1338
Meghalaya,2023,252503,17254,202932,3652,2750
Meghalaya,2024,497972,7421,125423,1209,6319
Meghalaya,2025,196968,16918,277594,4493,9680
Mizoram,2010,434876,32935,57641,900,6913
Mizoram,2011,368420,24541,64813,4930,9820
Mizoram,2012,336214,9232,224615,2021,2500
Mizoram,2013,449953,41062,57265,1966,4561
Mizoram,2014,116150,26776,109613,1682,4223
Mizoram,2015,171826,40435,230017,630,3983
Mizoram,2016,201734,28510,229259,538,8694
Mizoram,2017,144071,11640,166389,1420,8564
Mizoram,2018,208417,33687,274444,1631,9502
Mizoram,2019,173618,5545,145341,4846,4810
Mizoram,2020,408266,44974,36371,4624,3032
Mizoram,2021,374060,13436,213259,771,4511
Mizoram,2022,395835,15616,125373,1420,9190
Mizoram,2023,446646,17676,52733,4260,3050
Mizoram,2024,159996,38933,44951,2533,7467
Mizoram,2025,476129,45600,208847,1204,9173
Nagaland,2010,293662,40400,231760,1463,2828
Nagaland,2011,437132,46898,248731,1306,8486
Nagaland,2012,178301,45970,180829,2368,8878
Nagaland,2013,392579,20934,81665,1324,3265
Nagaland,2014,208448,48513,206626,4345,2796
Nagaland,2015,123781,12214,86262,3236,2913
Nagaland,2016,80448,31172,27657,2966,8312
Nagaland,2017,424999,29578,179903,4569,5876
Nagaland,2018,319431,38660,210792,2433,2380
Nagaland,2019,291249,22674,103560,3182,2218
Nagaland,2020,415464,28265,114377,4635,1954
Nagaland,2021,131121,30559,53742,4633,6370
Nagaland,2022,185044,10295,132217,1413,9228
Nagaland,2023,438411,14903,154092,1295,5036
Nagaland,2024,136988,43001,145991,1824,1317
Nagaland,2025,52396,23546,148322,2091,7183
Odisha,2010,299690,31572,279820,1812,5311
Odisha,2011,319458,24623,218747,2204,7924
Odisha,2012,476346,37088,177364,4951,5286
Odisha,2013,119274,7469,73947,1056,3808
Odisha,2014,361282,17713,22719,4008,4741
Odisha,2015,92534,41766,112241,2903,9780
Odisha,2016,142124,31123,184134,2485,6343
Odisha,2017,125418,6136,148232,2564,8009
Odisha,2018,456203,42311,278722,1507,6445
Odisha,2019,126242,49486,49257,1747,2435
Odisha,2020,279947,40150,111357,2584,6084
Odisha,2021,456723,12059,103807,1765,8491
Odisha,2022,308778,19859,93609,1385,3752
Odisha,2023,303973,25953,174893,1186,9476
Odisha,2024,202267,16939,172499,2928,6126
Odisha,2025,369516,49064,27813,4499,4356
Punjab,2010,435539,19288,109186,538,4342
Punjab,2011,91846,40612,168554,2323,4155
Punjab,2012,446309,16722,72930,3396,1988
Punjab,2013,103268,44214,232943,4526,5179
Punjab,2014,98901,39450,214488,4463,1933
Punjab,2015,463198,16425,199362,2355,4056
Punjab,2016,288360,22175,46385,2755,4610
Punjab,2017,280983,26563,225390,1550,4633
Punjab,2018,211779,44110,212860,1459,7059
Punjab,2019,288260,10655,166323,1026,4224
Punjab,2020,97837,16536,48541,2375,2763
Punjab,2021,320856,43565,94744,616,3433
Punjab,2022,366759,21967,274346,4288,5167
Punjab,2023,304225,31589,181087,4933,2389
Punjab,2024,438590,46125,177215,1228,3043
Punjab,2025,332725,35087,201002,713,4762
Rajasthan,2010,358311,14768,59499,3436,4117
Rajasthan,2011,219631,13783,262997,3220,9905
Rajasthan,2012,255735,27431,214555,501,7368
Rajasthan,2013,470640,23333,239724,1417,4174
Rajasthan,2014,158737,20525,174470,589,2709
Rajasthan,2015,388041,21369,147118,3541,1105
Rajasthan,2016,59078,30003,71047,816,7082
Rajasthan,2017,493002,6925,235048,3644,1552
Rajasthan,2018,377025,30291,279931,3889,9442
Rajasthan,2019,150734,31630,249834,707,1899
Rajasthan,2020,323797,32961,101941,909,1894
Rajasthan,2021,148818,26288,273627,4609,8179
Rajasthan,2022,191398,49555,152632,1766,4638
Rajasthan,2023,435773,9780,48380,4202,3356
Rajasthan,2024,120326,31911,134994,4165,8057
Rajasthan,2025,328226,5661,188484,811,3920
Sikkim,2010,295378,19025,291090,4630,7236
Sikkim,2011,328453,38120,79321,1456,3071
Sikkim,2012,386275,17803,121757,1455,7295
Sikkim,2013,426369,20282,286847,1773,6631
Sikkim,2014,93585,31958,299922,4781,5732
Sikkim,2015,440411,38297,280116,3458,8904
Sikkim,2016,470706,24975,177795,3869,1525
Sikkim,2017,400541,38142,84324,4505,5648
Sikkim,2018,216205,35523,118317,2778,4155
Sikkim,2019,287697,8814,121520,3438,9219
Sikkim,2020,379793,48006,164832,4523,8062
Sikkim,2021,282750,44198,203305,4278,1629
Sikkim,2022,394333,15831,222332,3391,4432
Sikkim,2023,485456,11276,265011,2860,1575
Sikkim,2024,121635,47267,236184,3678,7052
Sikkim,2025,232958,11116,297707,2712,4568
Tamil Nadu,2010,321991,31155,136891,1890,2742
Tamil Nadu,2011,199381,5619,54707,4453,1968
Tamil Nadu,2012,228686,30892,282425,3344,7262
Tamil Nadu,2013,444274,25677,179476,1508,2229
Tamil Nadu,2014,468827,46235,268500,2789,2239
Tamil Nadu,2015,284746,5125,146945,4812,8473
Tamil Nadu,2016,373356,20398,140030,3749,8595
Tamil Nadu,2017,129141,17115,59062,4903,2969
Tamil Nadu,2018,355897,22275,141863,2533,9320
Tamil Nadu,2019,204268,45287,295813,2018,2198
Tamil Nadu,2020,98320,43006,166649,2974,7089
Tamil Nadu,2021,307437,33625,232112,4219,1302
Tamil Nadu,2022,278071,49912,193895,4940,5909
Tamil Nadu,2023,473875,40840,263341,3624,9125
Tamil Nadu,2024,86059,9033,123409,1203,9133
Tamil Nadu,2025,55704,12848,238200,3132,4828
Telangana,2010,247096,44882,252549,2167,5114
Telangana,2011,86321,12761,265014,1350,2388
Telangana,2012,415898,8712,258389,954,3772
Telangana,2013,53726,28616,47723,4589,5806
Telangana,2014,412638,14108,228786,3375,6592
Telangana,2015,264432,13927,99973,3838,8010
Telangana,2016,337681,40757,127522,4365,7471
Telangana,2017,216703,48461,243131,1677,5760
Telangana,2018,344923,26636,101889,4899,9234
Telangana,2019,470182,21173,178059,1504,9212
Telangana,2020,476390,46974,79182,3688,6243
Telangana,2021,351454,13906,65379,640,5882
Telangana,2022,490097,11012,201187,872,4610
Telangana,2023,223724,11894,164539,605,6539
Telangana,2024,420321,17289,196048,3136,7787
Telangana,2025,281513,25829,250662,3679,8052
Tripura,2010,113646,8654,241097,944,7441
Tripura,2011,169735,29611,127971,4457,2798
Tripura,2012,371333,47368,62668,3438,7284
Tripura,2013,261830,28669,185140,1743,4097
Tripura,2014,87384,21393,96153,2160,7295
Tripura,2015,169503,40993,147834,1816,6699
Tripura,2016,160641,44575,158299,3773,8000
Tripura,2017,377825,42778,216553,3540,1482
Tripura,2018,67633,34344,299158,1161,3852
Tripura,2019,66014,32042,184827,2046,9841
Tripura,2020,255768,32213,266860,940,8421
Tripura,2021,268008,38537,37727,4858,7780
Tripura,2022,344054,37496,213510,3851,3349
Tripura,2023,350611,22625,96329,1690,7764
Tripura,2024,366397,17323,132356,4948,8843
Tripura,2025,457426,21456,51367,2414,6189
Uttar Pradesh,2010,118008,11704,221659,3064,3475
Uttar Pradesh,2011,348522,9255,145703,2235,9258
Uttar Pradesh,2012,357257,45194,94069,3274,6291
Uttar Pradesh,2013,462417,14686,151733,4383,4374
Uttar Pradesh,2014,75592,33982,282351,3165,3493
Uttar Pradesh,2015,400877,38400,144982,3459,4083
Uttar Pradesh,2016,210400,47891,171175,3062,2679
Uttar Pradesh,2017,393581,38004,122747,2040,7099
Uttar Pradesh,2018,243783,46323,38752,785,1148
Uttar Pradesh,2019,194467,25421,76273,2266,5895
Uttar Pradesh,2020,169968,16023,30699,2023,3785
Uttar Pradesh,2021,168413,21163,139264,2101,3408
Uttar Pradesh,2022,85585,35682,198936,2996,6962
Uttar Pradesh,2023,439954,43067,193757,2189,4267
Uttar Pradesh,2024,246049,42174,110373,1942,9597
Uttar Pradesh,2025,115450,15382,222043,743,5107
Uttarakhand,2010,278590,38328,163401,3225,9785
Uttarakhand,2011,137468,39594,211703,4573,8629
Uttarakhand,2012,123861,33495,60461,572,8842
Uttarakhand,2013,318865,25609,150513,4861,6656
Uttarakhand,2014,437009,13984,49984,4759,9286
Uttarakhand,2015,55901,36552,242317,737,3530
Uttarakhand,2016,494328,28429,70200,3029,3964
Uttarakhand,2017,286513,22347,167992,4723,9734
Uttarakhand,2018,214685,33179,271537,3536,6947
Uttarakhand,2019,85262,17677,80545,3210,7610
Uttarakhand,2020,352066,18828,62913,4350,1689
Uttarakhand,2021,227404,31526,176104,2630,6448
Uttarakhand,2022,493547,33861,48141,1382,7406
Uttarakhand,2023,147359,28291,61568,2138,6671
Uttarakhand,2024,73312,48108,219900,1319,1419
Uttarakhand,2025,324555,42285,269062,2008,8870
West Bengal,2010,383373,38535,202268,2639,2549
West Bengal,2011,81174,14956,96373,4216,5481
West Bengal,2012,113037,29282,26548,2793,5837
West Bengal,2013,254366,48668,174249,1400,7356
West Bengal,2014,371497,29817,133132,2885,5268
West Bengal,2015,181743,5163,155870,2855,6887
West Bengal,2016,308230,34300,30749,1045,5719
West Bengal,2017,275019,38361,92930,4304,4493
West Bengal,2018,306553,48404,73352,516,4191
West Bengal,2019,476376,30000,124576,1071,4631
West Bengal,2020,187244,47080,240169,741,4897
West Bengal,2021,78671,30364,273211,1214,1775
West Bengal,2022,471818,28253,174544,578,9080
West Bengal,2023,57099,30431,76492,2648,5940
West Bengal,2024,299031,33758,83530,3956,8788
West Bengal,2025,78082,29034,121015,3588,2668
Andaman & Nicobar,2010,197603,27804,114439,4397,1365
Andaman & Nicobar,2011,98355,14866,221139,4994,6330
Andaman & Nicobar,2012,175426,33138,112601,1272,7493
Andaman & Nicobar,2013,437061,15759,156511,2073,7511
Andaman & Nicobar,2014,421931,28888,168702,4219,4839
Andaman & Nicobar,2015,304311,40144,242146,4132,2827
Andaman & Nicobar,2016,147661,11979,193672,2716,9569
Andaman & Nicobar,2017,398349,11910,54964,4247,9843
Andaman & Nicobar,2018,449194,26991,299297,2921,1780
Andaman & Nicobar,2019,158212,44071,132990,4483,9714
Andaman & Nicobar,2020,197977,28953,46806,4540,6784
Andaman & Nicobar,2021,120119,43714,205165,4197,3461
Andaman & Nicobar,2022,457507,16435,104080,4488,6341
Andaman & Nicobar,2023,229830,15736,57643,1756,8697
Andaman & Nicobar,2024,412644,33044,35997,801,8527
Andaman & Nicobar,2025,367677,22030,245942,2259,9789
Chandigarh,2010,108005,25714,209784,3081,8003
Chandigarh,2011,406124,24921,164129,4808,5558
Chandigarh,2012,367875,29858,199761,4178,5082
Chandigarh,2013,227558,25567,77804,2825,4754
Chandigarh,2014,77044,6724,86912,3243,9706
Chandigarh,2015,321038,23037,202684,1804,8295
Chandigarh,2016,413748,34806,61321,4227,7272
Chandigarh,2017,105147,30860,264839,2355,9033
Chandigarh,2018,291130,7520,154153,1928,4967
Chandigarh,2019,285821,19566,176570,3637,3159
Chandigarh,2020,481116,24363,128777,3149,9505
Chandigarh,2021,191877,40851,46832,1537,4489
Chandigarh,2022,90372,28928,166451,3134,4983
Chandigarh,2023,412226,29286,287254,4395,8378
Chandigarh,2024,394761,39947,29596,1543,2929
Chandigarh,2025,425319,6013,134914,2328,8909
Dadra & Nagar Haveli,2010,153892,18109,284167,2952,6891
Dadra & Nagar Haveli,2011,242699,38848,88099,3792,4586
Dadra & Nagar Haveli,2012,197159,28225,288787,3447,4959
Dadra & Nagar Haveli,2013,454221,48543,36029,1093,4390
Dadra & Nagar Haveli,2014,187069,17693,62092,1041,6433
Dadra & Nagar Haveli,2015,218933,18428,195006,1367,9623
Dadra & Nagar Haveli,2016,262652,34411,287613,4778,7256
Dadra & Nagar Haveli,2017,305158,15720,152723,1636,3810
Dadra & Nagar Haveli,2018,468267,32386,262634,1519,6237
Dadra & Nagar Haveli,2019,127984,39051,50447,2510,9590
Dadra & Nagar Haveli,2020,211326,23509,136859,574,4471
Dadra & Nagar Haveli,2021,288404,35268,159401,2597,6068
Dadra & Nagar Haveli,2022,293306,33272,157469,3257,4920
Dadra & Nagar Haveli,2023,271178,23284,43284,4486,2449
Dadra & Nagar Haveli,2024,337266,10017,232978,2503,3096
Dadra & Nagar Haveli,2025,294809,30279,272164,2903,4331
Daman & Diu,2010,210381,20078,25105,3478,3839
Daman & Diu,2011,118920,48619,62821,3356,1685
Daman & Diu,2012,57531,42051,158808,2119,7868
Daman & Diu,2013,182503,14067,188553,2961,5998
Daman & Diu,2014,181234,39742,39675,769,1631
Daman & Diu,2015,493273,37591,251390,2141,8896
Daman & Diu,2016,476188,46800,116044,2219,3643
Daman & Diu,2017,352929,23681,37073,4500,1671
Daman & Diu,2018,451143,6171,271351,4226,7342
Daman & Diu,2019,115428,16929,131487,4760,3361
Daman & Diu,2020,301924,33228,269430,2253,9100
Daman & Diu,2021,147239,31928,82292,4979,7588
Daman & Diu,2022,402680,11304,27345,1394,7633
Daman & Diu,2023,458568,38365,284480,2187,1572
Daman & Diu,2024,188593,11171,174553,2590,7566
Daman & Diu,2025,356773,26008,279013,2017,4648
Delhi,2010,229017,18140,103457,3637,7985
Delhi,2011,115633,16407,116111,4250,9535
Delhi,2012,271095,35651,90202,1110,2727
Delhi,2013,240706,39622,292944,2579,3324
Delhi,2014,193891,14369,83870,1591,6774
Delhi,2015,253127,15983,116468,2249,1781
Delhi,2016,164586,32624,26823,2605,4867
Delhi,2017,221033,34118,120417,4470,8264
Delhi,2018,493945,46971,38658,2314,7744
Delhi,2019,232650,18489,123850,4902,3551
Delhi,2020,384091,38243,172872,2711,9676
Delhi,2021,311716,12239,288854,2785,6223
Delhi,2022,260129,11971,228139,3322,5943
Delhi,2023,56530,16116,85794,782,2898
Delhi,2024,54135,11629,270870,1112,1687
Delhi,2025,70074,30188,87843,3513,7509
Jammu & Kashmir,2010,436805,10906,82987,4458,8183
Jammu & Kashmir,2011,104400,30150,51852,2410,6108
Jammu & Kashmir,2012,364900,6283,53691,1625,2529
Jammu & Kashmir,2013,76170,13438,167226,2060,7274
Jammu & Kashmir,2014,289968,31819,175289,3569,7788
Jammu & Kashmir,2015,345138,20036,228347,764,1645
Jammu & Kashmir,2016,212002,21299,142232,3490,3504
Jammu & Kashmir,2017,93732,21087,197109,1654,1587
Jammu & Kashmir,2018,62763,46945,140987,4331,9381
Jammu & Kashmir,2019,407792,30556,38099,3093,7450
Jammu & Kashmir,2020,194302,34009,222041,1598,8096
Jammu & Kashmir,2021,396390,16439,157488,2174,8950
Jammu & Kashmir,2022,344746,14122,209139,3440,7049
Jammu & Kashmir,2023,182161,42346,225735,2795,1155
Jammu & Kashmir,2024,173950,6958,96229,4719,7144
Jammu & Kashmir,2025,71447,41598,241823,2738,7659
Ladakh,2010,279817,27424,75077,1836,1948
Ladakh,2011,422013,13179,206339,959,8568
Ladakh,2012,365942,38160,70939,2757,2138
Ladakh,2013,438832,26125,87990,1966,4674
Ladakh,2014,196295,11701,153669,641,3659
Ladakh,2015,136516,14031,297181,4118,6661
Ladakh,2016,62109,27010,290931,2404,9472
Ladakh,2017,296183,28383,264325,2250,5757
Ladakh,2018,330495,9088,35282,3446,6394
Ladakh,2019,467480,10075,199526,4289,8230
Ladakh,2020,491416,16002,296091,2031,3990
Ladakh,2021,106307,9493,275095,1433,2460
Ladakh,2022,260748,36655,63472,785,1264
Ladakh,2023,371855,11816,97175,2262,1040
Ladakh,2024,252435,37762,290403,1487,8804
Ladakh,2025,401853,10374,55292,1585,3479
Lakshadweep,2010,59885,5778,69812,1848,8851
Lakshadweep,2011,328432,12156,247208,1558,5577
Lakshadweep,2012,362023,49096,52174,1947,7581
Lakshadweep,2013,160155,11317,147795,905,8986
Lakshadweep,2014,289141,35483,48803,2346,2478
Lakshadweep,2015,486571,36259,250147,1078,1193
Lakshadweep,2016,412455,22569,293334,2292,5005
Lakshadweep,2017,90197,7261,177584,4857,9921
Lakshadweep,2018,185450,45583,180105,2640,3800
Lakshadweep,2019,407218,35119,93869,1955,7892
Lakshadweep,2020,244387,35519,222416,2596,2325
Lakshadweep,2021,300736,22543,245683,840,4828
Lakshadweep,2022,166656,22087,156554,2929,7376
Lakshadweep,2023,232024,10463,263236,1355,3866
Lakshadweep,2024,487818,8112,42054,4992,6823
Lakshadweep,2025,280893,21018,172458,1856,4629
Puducherry,2010,233852,49199,28210,3903,7132
Puducherry,2011,253196,8311,277324,1487,4321
Puducherry,2012,393492,42383,229754,673,4741
Puducherry,2013,216892,5726,154832,2375,7993
Puducherry,2014,489953,9033,58211,1489,4744
Puducherry,2015,306638,29995,168049,2274,1935
Puducherry,2016,391075,34808,298859,3949,8922
Puducherry,2017,200158,19376,161130,2496,5658
Puducherry,2018,389061,45312,126022,1270,4155
Puducherry,2019,306453,16777,181445,886,7031
Puducherry,2020,274605,11439,269768,4593,3466
Puducherry,2021,52282,39624,199510,2498,6476
Puducherry,2022,387108,42437,228944,1650,5318
Puducherry,2023,286440,12446,27461,2319,2130
Puducherry,2024,433395,40426,251496,4520,4259
Puducherry,2025,405691,47849,168930,2742,4243